Item_ID,Source_Type,Section_Number,Section_Title,Official_Page,Bloom_Level,Difficulty,Question_Type,Learning_Outcome,Rubric_Score,Duplication_Status,Question_Summary
"q-u4-1","BANK_CANONICAL","1","العوامل الداخلية","66","تذكر","تأسيسي","short_essay","U04-LO1","2","CANONICAL","تعريف البيئة الداخلية لمنظمة الأعمال"
"q-u4-2","BANK_CANONICAL","1","البيئة الخارجية","66","تذكر","تأسيسي","short_essay","U04-LO1","2","CANONICAL","تعريف البيئة الخارجية لمنظمة الأعمال"
"q-u4-8","BANK_CANONICAL","1","تصنيف العوامل","67","تطبيق","تأسيسي","mcq","U04-LO1","3","CANONICAL","تصنيف مهارة الشيف وقانون الضرائب والسيولة"
"q-u4-21","BANK_CANONICAL","2","إطار PESTEL","70","تذكر","تأسيسي","short_essay","U04-LO2","2","CANONICAL","شرح اختصار PESTEL في تحليل بيئة الأعمال"
"q-u4-23","BANK_CANONICAL","2","البعد الاقتصادي","71","تطبيق","متوسط","mcq","U04-LO2","3","CANONICAL","تصنيف التضخم وسعر الصرف ضمن البعد الاقتصادي"
"q-u4-30","BANK_CANONICAL","2","البعد التكنولوجي","73","تحليل","متوسط","short_essay","U04-LO2","4","CANONICAL","تحليل انتشار الدفع الإلكتروني كفرصة وتهديد"
"q-u4-41","BANK_CANONICAL","3","الفرص والتهديدات","75","فهم","تأسيسي","short_essay","U04-LO3","3","CANONICAL","الفرق الجوهري بين الفرصة والتهديد في الأعمال"
"q-u4-48","BANK_CANONICAL","3","التكيف التشغيلي","77","تطبيق","متوسط","short_essay","U04-LO3","4","CANONICAL","استراتيجيتان عمليتان للتكيف مع ارتفاع أسعار الخامات"
"q-u4-61","BANK_CANONICAL","4","الحكم والاستدلال JRE","80","حكم واستدلال","تحدي","jre","U04-LO4","20","CANONICAL","تقييم مقولة اعتماد النجاح كلياً على الكفاءة الداخلية"
"U04-BOOK-Q01","TEXTBOOK_CANONICAL","1","تقويم مطبخ مريم","68","فهم","تأسيسي","short_essay","U04-LO1","3","CANONICAL","القيود الداخلية الثلاثة لمطبخ مريم وطبيعتها"
"U04-BOOK-Q02","TEXTBOOK_CANONICAL","1","المقارنة البيئية","68","تحليل","متوسط","short_essay","U04-LO1","4","CANONICAL","أهم الفروق بين العوامل الداخلية والخارجية بمثال"
"U04-BOOK-Q03","TEXTBOOK_CANONICAL","2","أبعاد PESTEL","71","فهم","متوسط","short_essay","U04-LO2","6","CANONICAL","شرح الأبعاد الستة لتحليل PESTEL بالتفصيل"
"U04-BOOK-Q04","TEXTBOOK_CANONICAL","3","تحويل التهديد لفرصة","75","تحليل","متوسط","short_essay","U04-LO3","4","CANONICAL","كيفية تحويل تهديد بيئي إلى فرصة تجارية بمثال"
"U04-BOOK-Q05","TEXTBOOK_CANONICAL","3","تباين أثر المتغير","76","تحليل","متوسط","short_essay","U04-LO3","4","CANONICAL","تعليل كون الحدث الخارجي فرصة لشركة وتهديداً لأخرى"
"U04-M001","DERIVED_OBJECTIVE","1","الموارد البشرية","66","تذكر","تأسيسي","mcq","U04-LO1","1","CANONICAL_NEW","برامج تدريب العاملين كعنصر بيئة داخلية قابل للتحكم"
"U04-M002","DERIVED_OBJECTIVE","1","السيولة النقدية","67","فهم","تأسيسي","mcq","U04-LO1","1","CANONICAL_NEW","دور السيولة النقدية كخط دفاع في مواجهة التضخم"
"U04-M003","DERIVED_OBJECTIVE","1","عنق الزجاجة","68","تحليل","متوسط","mcq","U04-LO1","2","CANONICAL_NEW","تشخيص الفرن البطيء كعنق زجاجة وقيد تشغيلي"
"U04-M004","DERIVED_OBJECTIVE","1","الثقافة المؤسسية","68","فهم","متوسط","mcq","U04-LO1","1","CANONICAL_NEW","أثر الثقافة المؤسسية الإيجابية على دافعية العاملين"
"U04-M005","DERIVED_OBJECTIVE","2","البعد السياسي","70","تطبيق","متوسط","mcq","U04-LO2","2","CANONICAL_NEW","اتفاقيات التجارة الحرة وإلغاء الجمارك كبعد سياسي"
"U04-M006","DERIVED_OBJECTIVE","2","البعد الاجتماعي","72","تطبيق","متوسط","mcq","U04-LO2","2","CANONICAL_NEW","الإقبال على الأغذية الصحية والخالية من السكر كبعد اجتماعي"
"U04-M007","DERIVED_OBJECTIVE","2","البعد البيئي","73","تطبيق","متوسط","mcq","U04-LO2","2","CANONICAL_NEW","موجات الحرارة وتلف المحاصيل كبعد بيئي إيكولوجي"
"U04-M008","DERIVED_OBJECTIVE","2","البعد القانوني","74","تطبيق","متوسط","mcq","U04-LO2","2","CANONICAL_NEW","الحد الأدنى للأجور والتأمين الصحي كبعد قانوني تشريعي"
"U04-M009","DERIVED_OBJECTIVE","3","الفرصة البيئية","75","فهم","تأسيسي","mcq","U04-LO3","1","CANONICAL_NEW","افتتاح مجمع سكني ومدرسي كفرصة تسويقية لمخبز"
"U04-M010","DERIVED_OBJECTIVE","3","التهديد البيئي","75","فهم","تأسيسي","mcq","U04-LO3","1","CANONICAL_NEW","حملات مقاطعة المواد الحافظة كتهديد لشركة عصائر"
"U04-M011","DERIVED_OBJECTIVE","3","التكيف مع التوريد","76","تطبيق","متوسط","mcq","U04-LO3","2","CANONICAL_NEW","البدائل المحلية وترشيد الهدر عند غلاء الخامات المستوردة"
"U04-M012","DERIVED_OBJECTIVE","3","أثر العملة والتصدير","77","تحليل","متوسط","mcq","U04-LO3","2","CANONICAL_NEW","انخفاض سعر الصرف كفرصة تصديرية لمنتج سجاد محلي"
"U04-M013","DERIVED_OBJECTIVE","2","البعد التكنولوجي","73","فهم","تأسيسي","mcq","U04-LO2","1","CANONICAL_NEW","منصات التوصيل وتخطي قيد الموقع الجغرافي للمحل"
"U04-M014","DERIVED_OBJECTIVE","3","تحويل التهديد لفرصة","75","تحليل","متوسط","mcq","U04-LO3","2","CANONICAL_NEW","التغليف الصحي الآمن كاستجابة مبتكرة لاشتراط صحي"
"U04-M015","DERIVED_OBJECTIVE","4","النظام المفتوح","79","تحليل","متوسط","mcq","U04-LO4","2","CANONICAL_NEW","المنظمة كنظام مفتوح يتفاعل ديناميكياً مع البيئة"
"U04-M016","DERIVED_OBJECTIVE","1","حصر الموارد الداخلية","67","تطبيق","تأسيسي","mcq","U04-LO1","1","CANONICAL_NEW","المحاور الأربعة للبيئة الداخلية القابلة للتحكم"
"U04-T001","DERIVED_OBJECTIVE","1","السيطرة الداخلية","66","تذكر","تأسيسي","true_false","U04-LO1","1","CANONICAL_NEW","خضوع العوامل الداخلية للسيطرة المباشرة وقرارات الإدارة"
"U04-T002","DERIVED_OBJECTIVE","1","حدود السيطرة","67","فهم","تأسيسي","true_false","U04-LO1","1","CANONICAL_NEW","استحالة تحكم شركة صغيرة في معدلات التضخم والفائدة"
"U04-T003","DERIVED_OBJECTIVE","2","نطاق PESTEL","70","تذكر","تأسيسي","true_false","U04-LO2","1","CANONICAL_NEW","PESTEL يحلل البيئة الخارجية الكلية وليس الميزانية الداخلية"
"U04-T004","DERIVED_OBJECTIVE","2","البعد الاجتماعي","72","فهم","تأسيسي","true_false","U04-LO2","1","CANONICAL_NEW","الوعي الصحي وتجنب السكر يندرج تحت البعد الاجتماعي"
"U04-T005","DERIVED_OBJECTIVE","2","تبني التكنولوجيا","73","تحليل","متوسط","true_false","U04-LO2","1","CANONICAL_NEW","الفرصة التكنولوجية مشروطة بالتبني والتطبيق الداخلي"
"U04-T006","DERIVED_OBJECTIVE","3","تباين أثر العملة","76","تحليل","متوسط","true_false","U04-LO3","1","CANONICAL_NEW","الأثر السلبي لانخفاض العملة ليس متساوياً بين الشركات"
"U04-T007","DERIVED_OBJECTIVE","1","السيولة والشراء","68","فهم","تأسيسي","true_false","U04-LO1","1","CANONICAL_NEW","السيولة تتيح الشراء المسبق وخصومات الأسعار في التضخم"
"U04-T008","DERIVED_OBJECTIVE","2","القوانين البيئية","74","فهم","متوسط","true_false","U04-LO2","1","CANONICAL_NEW","قوانين النفايات تدمج بين البعد القانوني والبيئي في PESTEL"
"U04-T009","DERIVED_OBJECTIVE","3","مفهوم التكيف","77","فهم","تأسيسي","true_false","U04-LO3","1","CANONICAL_NEW","التكيف الاستراتيجي ليس استسلاماً بل إعادة هندسة العمليات"
"U04-T010","DERIVED_OBJECTIVE","4","دروس كوداك ونوكيا","80","تحليل","متوسط","true_false","U04-LO4","1","CANONICAL_NEW","الموارد الضخمة لا تكفي للبقاء عند إهمال التغير التقني"
"U04-O001","DERIVED_ESSAY","1","رأس المال البشري","66","فهم","تأسيسي","short_essay","U04-LO1","3","CANONICAL_NEW","رأس المال البشري كأصل فريد يصعب على المنافسين تقليده"
"U04-O002","DERIVED_ESSAY","1","أزمة السيولة","67","تحليل","متوسط","short_essay","U04-LO1","3","CANONICAL_NEW","كيف تسبب مبيعات الآجل إفلاس شركة رابحة دفترياً"
"U04-O003","DERIVED_ESSAY","1","علاج عنق الزجاجة","68","تطبيق","متوسط","short_essay","U04-LO1","4","CANONICAL_NEW","ثلاث خطوات تشغيلية لمعالجة عنق الزجاجة في مطبخ مريم"
"U04-O004","DERIVED_ESSAY","1","القيادة والثقافة","69","فهم","تأسيسي","short_essay","U04-LO1","3","CANONICAL_NEW","دور القيادة الواعية والثقافة الداعمة في صمود المنشأة"
"U04-O005","DERIVED_ESSAY","1","معيار السيطرة","67","تحليل","متوسط","short_essay","U04-LO1","4","CANONICAL_NEW","تطبيق معيار السيطرة على مواعيد العمل الداخلية والقرارات الوزارية"
"U04-O006","DERIVED_ESSAY","2","البعد السياسي","70","تحليل","متوسط","short_essay","U04-LO2","4","CANONICAL_NEW","أثر الاستقرار السياسي ومبادرات توطين الصناعة على الاستثمار"
"U04-O007","DERIVED_ESSAY","2","الفائدة والتضخم","71","تحليل","متوسط","short_essay","U04-LO2","4","CANONICAL_NEW","أثر رفع الفائدة على تكلفة الاقتراض وتراجع الطلب الاستهلاكي"
"U04-O008","DERIVED_ESSAY","2","المجتمع الشاب","72","تطبيق","متوسط","short_essay","U04-LO2","3","CANONICAL_NEW","استغلال كون مصر مجتمعاً شاباً في تصميم المنتجات والتسويق"
"U04-O009","DERIVED_ESSAY","2","الذكاء الاصطناعي","73","فهم","تأسيسي","short_essay","U04-LO2","3","CANONICAL_NEW","ثلاثة تطبيقات للذكاء الاصطناعي والأتمتة في خفض التكاليف"
"U04-O010","DERIVED_ESSAY","2","الاقتصاد الدائري","74","تحليل","متوسط","short_essay","U04-LO2","4","CANONICAL_NEW","تدوير المخلفات العضوية والعبوات الخضراء لتحقيق وفورات"
"U04-O011","DERIVED_ESSAY","2","حماية المستهلك","74","فهم","تأسيسي","short_essay","U04-LO2","3","CANONICAL_NEW","مخاطر إهمال الامتثال لمعايير سلامة الغذاء والقوانين"
"U04-O012","DERIVED_ESSAY","2","المسح البيئي المستمر","71","تحليل","متوسط","short_essay","U04-LO2","4","CANONICAL_NEW","لماذا يجب أن يكون تحليل PESTEL ممارسة دورية مستمرة"
"U04-O013","DERIVED_ESSAY","3","شروط اقتناص الفرص","75","تحليل","متوسط","short_essay","U04-LO3","3","CANONICAL_NEW","حتمية توفر القدرات الداخلية لترجمة الفرصة الخارجية لأرباح"
"U04-O014","DERIVED_ESSAY","3","الاستجابة للازمات","76","تحليل","متوسط","short_essay","U04-LO3","4","CANONICAL_NEW","الفرق بين الاستجابة الدفاعية السلبية والاستباقية المرنة"
"U04-O015","DERIVED_ESSAY","3","ابتكار مطبخ مريم","75","تطبيق","متوسط","short_essay","U04-LO3","4","CANONICAL_NEW","تحويل تضخم الخامات والوعي الصحي لخط حلويات كيتو رابح"
"U04-O016","DERIVED_ESSAY","3","مقارنة قطاعية للصرف","77","تحليل","متوسط","short_essay","U04-LO3","4","CANONICAL_NEW","مقارنة أثر انخفاض العملة بين السياحة وتجميع الإلكترونيات"
"U04-O017","DERIVED_ESSAY","3","المرونة الاستراتيجية","78","فهم","تأسيسي","short_essay","U04-LO3","3","CANONICAL_NEW","مفهوم المرونة الاستراتيجية وأهميتها للمشروعات الناشئة"
"U04-O018","DERIVED_ESSAY","3","سلاسل التوريد المحلية","78","تحليل","متوسط","short_essay","U04-LO3","4","CANONICAL_NEW","مزايا الاعتماد على الموردين المحليين وتفادي مخاطر الدولار"
"U04-O019","DERIVED_ESSAY","3","ترشيد الهدر الداخلي","79","تطبيق","متوسط","short_essay","U04-LO3","4","CANONICAL_NEW","هندسة العمليات واستئصال الفاقد لامتصاص التضخم دون غلاء"
"U04-O020","DERIVED_ESSAY","4","دورة النظم المفتوحة","79","فهم","تأسيسي","short_essay","U04-LO4","3","CANONICAL_NEW","شرح المدخلات والعمليات والمخرجات والتغذية العكسية"
"U04-O021","DERIVED_ESSAY","1","مخاطر التوسع المفرط","69","تحليل","متوسط","short_essay","U04-LO1","4","CANONICAL_NEW","عواقب الاستجابة لطلب مفاجئ دون تطوير المعدات والعمالة"
"U04-O022","DERIVED_ESSAY","4","خطة المسح البيئي","81","تطبيق","متوسط","short_essay","U04-LO4","4","CANONICAL_NEW","أربع خطوات منهجية للمسح البيئي لمشروع غذائي ناشئ"
"U04-J001","DERIVED_JRE","1","التوسع واستثمار الفرص","69","حكم واستدلال","تحدي","jre","U04-LO1","20","CANONICAL_NEW","تقييم قبول تمويل فوري للتوسع مقابل تثبيت الكفاءة الداخلية"
"U04-J002","DERIVED_JRE","1","تقليص العمالة بالركود","68","حكم واستدلال","تحدي","jre","U04-LO1","20","CANONICAL_NEW","تقييم تسريح العمالة الفنية الماهرة أثناء الركود لخفض التكاليف"
"U04-J003","DERIVED_JRE","2","الاستيراد وسلاسل الإمداد","71","حكم واستدلال","تحدي","jre","U04-LO2","20","CANONICAL_NEW","تقييم الاعتماد الكامل على الخامات المستوردة مقابل التوطين المحلي"
"U04-J004","DERIVED_JRE","2","التحول الرقمي الكامل","73","حكم واستدلال","تحدي","jre","U04-LO2","20","CANONICAL_NEW","تقييم إغلاق الفروع المادية والتحول بنسبة 100% للبيع الرقمي"
"U04-J005","DERIVED_JRE","2","الاستثمار البيئي الأخضر","74","حكم واستدلال","تحدي","jre","U04-LO2","20","CANONICAL_NEW","تقييم الاستثمار في المعايير الخضراء والتغليف البيئي للمشروعات"
"U04-J006","DERIVED_JRE","3","التسعير التضخمي للعملاء","76","حكم واستدلال","تحدي","jre","U04-LO3","20","CANONICAL_NEW","تقييم رفع أسعار البيع بنسبة 30% كاملة لنقل التضخم للزبائن"
"U04-J007","DERIVED_JRE","1","المركزية في الأزمات","69","حكم واستدلال","تحدي","jre","U04-LO1","20","CANONICAL_NEW","تقييم المركزية الصارمة مقابل تمكين فرق العمل أثناء الأزمات"
"U04-J008","DERIVED_JRE","2","تريندات السوشيال ميديا","72","حكم واستدلال","تحدي","jre","U04-LO2","20","CANONICAL_NEW","تقييم تحويل خطوط الإنتاج لتريند تيك توك وإلغاء الكلاسيكيات"
"U04-J009","DERIVED_JRE","1","الشهادات البنكية vs المعدات","67","حكم واستدلال","تحدي","jre","U04-LO1","20","CANONICAL_NEW","تقييم تجميد السيولة في شهادات بنكية 25% مقابل تحديث الآلات"
"U04-J010","DERIVED_JRE","4","التحالفات التعاونية","82","حكم واستدلال","تحدي","jre","U04-LO4","20","CANONICAL_NEW","تقييم الشراكات والتحالفات التعاونية كدرع للمشروعات ضد PESTEL"
